,start_datetime,end_datetime
0,2025-10-16 01:29:00,2025-10-16 06:09:00
1,2025-10-19 10:57:00,2025-10-19 16:04:00
2,2025-10-18 17:56:00,2025-10-18 23:12:00
3,2025-10-20 00:09:00,2025-10-20 05:37:00
4,2025-10-20 13:09:00,2025-10-20 18:52:00
5,2025-10-21 03:54:00,2025-10-21 10:25:00
6,2025-10-21 13:39:00,2025-10-21 20:21:00
7,2025-10-21 23:59:00,2025-10-22 06:16:00
8,2025-10-22 15:30:00,
9,2025-10-22 20:45:00,2025-10-23 02:42:00
10,2025-10-23 08:24:00,2025-10-23 13:12:00
11,2025-10-16 13:59:00,2025-10-16 19:05:00
12,2025-10-23 13:57:00,2025-10-23 19:26:00
13,2025-10-23 19:36:00,2025-10-24 02:19:00
14,2025-10-24 03:19:00,
15,2025-10-24 15:17:00,2025-10-24 20:38:00
16,2025-10-25 04:16:00,2025-10-25 09:38:00
17,2025-10-25 11:36:00,2025-10-25 17:25:00
18,2025-10-25 21:54:00,2025-10-26 03:45:00
19,2025-10-26 05:27:00,2025-10-26 09:53:00
20,2025-10-26 10:42:00,2025-10-26 15:36:00
21,2025-10-26 16:26:00,2025-10-26 21:06:00
22,2025-10-16 19:37:00,2025-10-17 02:29:00
23,2025-10-26 23:48:00,2025-10-27 04:45:00
24,2025-10-27 05:39:00,2025-10-27 10:04:00
25,2025-10-27 12:08:00,2025-10-27 17:36:00
26,2025-10-27 18:28:00,2025-10-28 00:38:00
27,2025-10-28 02:24:00,2025-10-28 06:50:00
28,2025-10-28 07:40:00,2025-10-28 12:04:00
29,2025-10-28 13:31:00,2025-10-28 17:49:00
30,2025-10-28 18:31:00,2025-10-29 00:10:00
31,2025-10-29 01:15:00,2025-10-29 05:43:00
32,2025-10-29 06:29:00,2025-10-29 09:55:00
33,2025-10-17 09:19:00,2025-10-17 14:20:00
34,2025-10-29 16:23:00,2025-10-29 21:15:00
35,2025-10-30 00:27:00,2025-10-30 05:20:00
36,2025-10-30 05:50:00,2025-10-30 10:25:00
37,2025-10-30 11:07:00,2025-10-30 16:15:00
38,2025-10-30 17:01:00,2025-10-30 21:59:00
39,2025-10-31 08:28:00,2025-10-31 13:12:00
40,2025-10-31 13:55:00,2025-10-31 18:39:00
41,2025-11-01 01:37:00,2025-11-01 06:50:00
42,2025-11-01 08:08:00,2025-11-01 13:04:00
43,2025-11-01 14:03:00,2025-11-01 17:32:00
44,2025-10-17 15:07:00,
45,2025-11-01 19:25:00,2025-11-02 00:12:00
46,2025-11-02 08:14:00,2025-11-02 12:36:00
47,2025-11-02 14:08:00,2025-11-02 19:22:00
48,2025-11-03 03:20:00,2025-11-03 08:36:00
49,2025-11-03 10:03:00,2025-11-03 14:56:00
50,2025-11-03 15:38:00,2025-11-03 21:05:00
51,2025-11-04 08:06:00,2025-11-04 16:13:00
52,2025-11-04 17:32:00,2025-11-04 22:04:00
53,2025-11-05 07:57:00,2025-11-05 12:31:00
54,2025-11-05 14:10:00,2025-11-05 19:16:00
55,2025-10-17 20:14:00,2025-10-18 06:44:00
56,2025-11-05 22:22:00,2025-11-06 02:37:00
57,2025-11-06 03:26:00,2025-11-06 08:06:00
58,2025-11-06 18:59:00,2025-11-07 00:03:00
59,2025-11-07 01:00:00,2025-11-07 05:48:00
60,2025-11-07 07:04:00,2025-11-07 11:40:00
61,2025-11-07 12:36:00,2025-11-07 16:15:00
62,2025-10-18 08:24:00,2025-10-18 13:59:00
63,2025-10-18 14:58:00,2025-10-18 20:23:00
64,2025-10-19 01:17:00,2025-10-19 09:45:00
