file_name,start_datetime,end_datetime,valid_timestamps,total_rows
PSONLLD_20251013_193757.txt,2025-10-13 19:37:58.240000+00:00,2025-10-13 19:59:59.240000+00:00,1454,1454
PSONLLD_20251013_200000.txt,2025-10-13 20:00:00.240000+00:00,2025-10-13 20:59:59.220000+00:00,3958,3958
PSONLLD_20251013_210000.txt,2025-10-13 21:00:00.220000+00:00,2025-10-13 21:59:59.200000+00:00,3958,3958
PSONLLD_20251013_220000.txt,2025-10-13 22:00:00.200000+00:00,2025-10-13 22:59:59.180000+00:00,3960,3960
PSONLLD_20251013_230000.txt,2025-10-13 23:00:00.180000+00:00,2025-10-13 23:59:59.160000+00:00,3958,3958
PSONLLD_20251014_000000.txt,2025-10-14 00:00:00.160000+00:00,2025-10-14 00:59:59.130000+00:00,3958,3958
PSONLLD_20251014_010000.txt,2025-10-14 01:00:00.130000+00:00,2025-10-14 01:59:59.110000+00:00,3958,3958
PSONLLD_20251014_020000.txt,2025-10-14 02:00:00.110000+00:00,2025-10-14 02:59:59.090000+00:00,3958,3958
PSONLLD_20251014_030000.txt,2025-10-14 03:00:00.090000+00:00,2025-10-14 03:59:59.070000+00:00,3960,3960
PSONLLD_20251014_040000.txt,2025-10-14 04:00:00.070000+00:00,2025-10-14 04:59:59.050000+00:00,3958,3958
PSONLLD_20251014_050000.txt,2025-10-14 05:00:00.050000+00:00,2025-10-14 05:59:59.030000+00:00,3958,3958
PSONLLD_20251014_060000.txt,2025-10-14 06:00:00.030000+00:00,2025-10-14 06:59:59.010000+00:00,3958,3958
PSONLLD_20251014_070000.txt,2025-10-14 07:00:00.010000+00:00,2025-10-14 07:59:58.990000+00:00,3958,3958
PSONLLD_20251014_080000.txt,2025-10-14 07:59:59.990000+00:00,2025-10-14 08:59:58.970000+00:00,3960,3960
PSONLLD_20251014_090000.txt,2025-10-14 08:59:59.970000+00:00,2025-10-14 09:59:58.950000+00:00,3958,3958
PSONLLD_20251014_100000.txt,2025-10-14 09:59:59.950000+00:00,2025-10-14 10:59:58.930000+00:00,3958,3958
PSONLLD_20251014_110000.txt,2025-10-14 10:59:59.930000+00:00,2025-10-14 11:59:58.910000+00:00,3960,3960
PSONLLD_20251014_120000.txt,2025-10-14 11:59:59.910000+00:00,2025-10-14 12:59:58.890000+00:00,3958,3958
PSONLLD_20251014_130000.txt,2025-10-14 12:59:59.890000+00:00,2025-10-14 13:59:58.870000+00:00,3958,3958
PSONLLD_20251014_140000.txt,2025-10-14 13:59:59.870000+00:00,2025-10-14 14:59:58.850000+00:00,3960,3960
PSONLLD_20251014_150000.txt,2025-10-14 14:59:59.850000+00:00,2025-10-14 15:59:58.830000+00:00,3958,3958
PSONLLD_20251014_160000.txt,2025-10-14 15:59:59.830000+00:00,2025-10-14 16:59:58.810000+00:00,3958,3958
PSONLLD_20251014_170000.txt,2025-10-14 16:59:59.810000+00:00,2025-10-14 17:59:58.790000+00:00,3958,3958
PSONLLD_20251014_180000.txt,2025-10-14 17:59:59.790000+00:00,2025-10-14 18:59:58.770000+00:00,3960,3960
PSONLLD_20251014_190000.txt,2025-10-14 18:59:59.770000+00:00,2025-10-14 19:59:58.750000+00:00,3958,3958
PSONLLD_20251014_200000.txt,2025-10-14 19:59:59.750000+00:00,2025-10-14 20:59:58.730000+00:00,3958,3958
PSONLLD_20251014_210000.txt,2025-10-14 20:59:59.730000+00:00,2025-10-14 21:59:58.710000+00:00,3960,3960
PSONLLD_20251014_220000.txt,2025-10-14 21:59:59.710000+00:00,2025-10-14 22:59:58.690000+00:00,3958,3958
PSONLLD_20251014_230000.txt,2025-10-14 22:59:59.690000+00:00,2025-10-14 23:59:58.670000+00:00,3958,3958
PSONLLD_20251015_000000.txt,2025-10-15 00:00:00.540000+00:00,2025-10-15 23:59:59.670000+00:00,3960,3960
PSONLLD_20251015_010000.txt,2025-10-15 00:59:59.650000+00:00,2025-10-15 01:59:58.630000+00:00,3958,3958
PSONLLD_20251015_020000.txt,2025-10-15 01:59:59.630000+00:00,2025-10-15 02:59:58.610000+00:00,3958,3958
PSONLLD_20251015_030000.txt,2025-10-15 02:59:59.610000+00:00,2025-10-15 03:59:58.590000+00:00,3960,3960
PSONLLD_20251015_040000.txt,2025-10-15 03:59:59.590000+00:00,2025-10-15 04:59:58.570000+00:00,3958,3958
PSONLLD_20251015_050000.txt,2025-10-15 04:59:59.570000+00:00,2025-10-15 05:59:58.550000+00:00,3958,3958
PSONLLD_20251015_060000.txt,2025-10-15 05:59:59.550000+00:00,2025-10-15 06:19:20.610000+00:00,1522,1522
PSONLLD_20251015_070017.txt,2025-10-15 06:19:20.610000+00:00,2025-10-15 07:59:58.510000+00:00,1588,1588
PSONLLD_20251015_080000.txt,2025-10-15 07:59:59.510000+00:00,2025-10-15 08:59:58.490000+00:00,3958,3958
PSONLLD_20251015_090000.txt,2025-10-15 08:59:59.490000+00:00,2025-10-15 09:59:59.100000+00:00,3960,3960
PSONLLD_20251015_100000.txt,2025-10-15 09:59:59.470000+00:00,2025-10-15 10:59:58.450000+00:00,3958,3958
PSONLLD_20251015_110000.txt,2025-10-15 10:59:59.450000+00:00,2025-10-15 11:59:58.430000+00:00,3958,3958
PSONLLD_20251015_120000.txt,2025-10-15 11:59:59.430000+00:00,2025-10-15 12:59:58.410000+00:00,3958,3958
PSONLLD_20251015_130000.txt,2025-10-15 12:59:59.410000+00:00,2025-10-15 13:59:58.620000+00:00,3960,3960
PSONLLD_20251015_140000.txt,2025-10-15 13:59:59.390000+00:00,2025-10-15 14:59:58.370000+00:00,3958,3958
PSONLLD_20251015_150000.txt,2025-10-15 14:59:59.370000+00:00,2025-10-15 15:49:32.370000+00:00,3332,3332
PSONLLD_20251015_160007.txt,2025-10-15 15:49:32.370000+00:00,2025-10-15 16:59:58.330000+00:00,2617,2617
PSONLLD_20251015_170000.txt,2025-10-15 16:59:59.330000+00:00,2025-10-15 17:59:58.310000+00:00,3960,3960
PSONLLD_20251015_180000.txt,2025-10-15 17:59:59.310000+00:00,2025-10-15 18:59:58.290000+00:00,3958,3958
PSONLLD_20251015_190000.txt,2025-10-15 18:59:59.290000+00:00,2025-10-15 19:59:58.270000+00:00,3958,3958
PSONLLD_20251015_200000.txt,2025-10-15 19:59:59.270000+00:00,2025-10-15 20:59:58.250000+00:00,3958,3958
PSONLLD_20251015_210000.txt,2025-10-15 20:59:59.250000+00:00,2025-10-15 21:59:58.230000+00:00,3958,3958
PSONLLD_20251015_220000.txt,2025-10-15 21:59:59.230000+00:00,2025-10-15 22:59:58.210000+00:00,3958,3958
PSONLLD_20251015_230000.txt,2025-10-15 22:59:59.210000+00:00,2025-10-15 23:59:58.190000+00:00,3958,3958
PSONLLD_20251016_000000.txt,2025-10-16 00:00:00.190000+00:00,2025-10-16 23:59:59.190000+00:00,2151,2151
PSONLLD_20251016_020028.txt,2025-10-16 02:00:27.150000+00:00,2025-10-16 02:59:58.130000+00:00,3626,3626
PSONLLD_20251016_030000.txt,2025-10-16 02:59:59.130000+00:00,2025-10-16 03:59:58.110000+00:00,3731,3731
PSONLLD_20251016_040000.txt,2025-10-16 03:59:59.110000+00:00,2025-10-16 04:59:58.090000+00:00,3757,3757
PSONLLD_20251016_050000.txt,2025-10-16 04:59:59.090000+00:00,2025-10-16 05:59:58.070000+00:00,3719,3719
PSONLLD_20251016_060000.txt,2025-10-16 05:59:59.070000+00:00,2025-10-16 06:59:58.050000+00:00,3660,3660
PSONLLD_20251016_070000.txt,2025-10-16 06:59:59.050000+00:00,2025-10-16 07:00:33.050000+00:00,35,35
PSONLLD_20251016_100738.txt,2025-10-16 10:07:36.990000+00:00,2025-10-16 10:59:57.970000+00:00,3255,3255
PSONLLD_20251016_110000.txt,2025-10-16 10:59:58.970000+00:00,2025-10-16 11:59:57.950000+00:00,3721,3721
PSONLLD_20251016_120000.txt,2025-10-16 11:59:58.950000+00:00,2025-10-16 12:59:57.930000+00:00,3723,3723
PSONLLD_20251016_130000.txt,2025-10-16 12:59:58.930000+00:00,2025-10-16 13:59:57.910000+00:00,3722,3722
PSONLLD_20251016_140000.txt,2025-10-16 13:59:58.910000+00:00,2025-10-16 14:59:57.890000+00:00,3697,3697
PSONLLD_20251016_150000.txt,2025-10-16 14:59:58.890000+00:00,2025-10-16 15:59:57.870000+00:00,3704,3704
PSONLLD_20251016_160000.txt,2025-10-16 15:59:58.870000+00:00,2025-10-16 16:59:57.850000+00:00,3831,3831
PSONLLD_20251016_170000.txt,2025-10-16 16:59:58.850000+00:00,2025-10-16 17:59:57.830000+00:00,3760,3760
PSONLLD_20251016_180000.txt,2025-10-16 17:59:58.830000+00:00,2025-10-16 18:59:57.810000+00:00,3621,3621
PSONLLD_20251016_190000.txt,2025-10-16 18:59:58.810000+00:00,2025-10-16 19:08:05.810000+00:00,494,494
PSONLLD_20251016_211518.txt,2025-10-16 21:15:16.770000+00:00,2025-10-16 21:59:57.750000+00:00,2722,2722
PSONLLD_20251016_220000.txt,2025-10-16 21:59:58.750000+00:00,2025-10-16 22:59:57.730000+00:00,3730,3730
PSONLLD_20251016_230000.txt,2025-10-16 22:59:58.730000+00:00,2025-10-16 23:59:57.710000+00:00,3799,3799
PSONLLD_20251017_000000.txt,2025-10-17 00:00:00.710000+00:00,2025-10-17 23:59:59.710000+00:00,3761,3761
PSONLLD_20251017_010000.txt,2025-10-17 00:59:58.690000+00:00,2025-10-17 01:59:57.670000+00:00,3709,3709
PSONLLD_20251017_020000.txt,2025-10-17 01:59:58.670000+00:00,2025-10-17 02:59:57.650000+00:00,3600,3600
PSONLLD_20251017_030000.txt,2025-10-17 02:59:58.650000+00:00,2025-10-17 03:48:02.640000+00:00,2885,2885
PSONLLD_20251017_041901.txt,2025-10-17 04:18:59.630000+00:00,2025-10-17 04:59:57.610000+00:00,2574,2574
PSONLLD_20251017_050000.txt,2025-10-17 04:59:58.610000+00:00,2025-10-17 05:59:57.590000+00:00,3773,3773
PSONLLD_20251017_060000.txt,2025-10-17 05:59:58.590000+00:00,2025-10-17 06:59:57.570000+00:00,3779,3779
PSONLLD_20251017_070000.txt,2025-10-17 06:59:58.570000+00:00,2025-10-17 07:59:57.550000+00:00,3698,3698
PSONLLD_20251017_080000.txt,2025-10-17 07:59:58.550000+00:00,2025-10-17 08:53:23.530000+00:00,3206,3206
PSONLLD_20251017_152835.txt,2025-10-17 15:28:33.400000+00:00,2025-10-17 15:59:57.390000+00:00,1917,1917
PSONLLD_20251017_160000.txt,2025-10-17 15:59:58.390000+00:00,2025-10-17 16:59:57.370000+00:00,3707,3707
PSONLLD_20251017_170000.txt,2025-10-17 16:59:58.220000+00:00,2025-10-17 17:59:57.350000+00:00,3773,3773
PSONLLD_20251017_180000.txt,2025-10-17 17:59:58.350000+00:00,2025-10-17 18:59:57.330000+00:00,3752,3752
PSONLLD_20251017_190000.txt,2025-10-17 18:59:58.330000+00:00,2025-10-17 19:21:13.330000+00:00,1315,1315
PSONLLD_20251017_215233.txt,2025-10-17 21:52:31.280000+00:00,2025-10-17 21:59:57.270000+00:00,454,454
PSONLLD_20251017_220000.txt,2025-10-17 21:59:53.610000+00:00,2025-10-17 22:59:57.250000+00:00,3661,3661
PSONLLD_20251017_230000.txt,2025-10-17 22:59:58.250000+00:00,2025-10-17 23:59:57.230000+00:00,3736,3736
PSONLLD_20251018_000000.txt,2025-10-18 00:00:00.230000+00:00,2025-10-18 23:59:59.230000+00:00,3685,3685
PSONLLD_20251018_010000.txt,2025-10-18 00:59:58.210000+00:00,2025-10-18 01:59:57.190000+00:00,3650,3650
PSONLLD_20251018_020000.txt,2025-10-18 01:59:58.190000+00:00,2025-10-18 02:59:57.170000+00:00,3705,3705
PSONLLD_20251018_030000.txt,2025-10-18 02:59:58.170000+00:00,2025-10-18 03:59:57.150000+00:00,3756,3756
PSONLLD_20251018_040000.txt,2025-10-18 03:59:58.150000+00:00,2025-10-18 04:59:57.130000+00:00,3757,3757
PSONLLD_20251018_050000.txt,2025-10-18 04:59:58.130000+00:00,2025-10-18 05:59:57.110000+00:00,3729,3729
PSONLLD_20251018_060000.txt,2025-10-18 05:59:56.100000+00:00,2025-10-18 06:38:49.100000+00:00,2394,2394
PSONLLD_20251018_084159.txt,2025-10-18 08:41:57.060000+00:00,2025-10-18 08:59:57.060000+00:00,1110,1110
PSONLLD_20251018_090000.txt,2025-10-18 08:59:58.060000+00:00,2025-10-18 09:59:57.040000+00:00,3654,3654
PSONLLD_20251018_100000.txt,2025-10-18 09:59:58.040000+00:00,2025-10-18 10:59:57.020000+00:00,3758,3758
PSONLLD_20251018_110000.txt,2025-10-18 10:59:58.020000+00:00,2025-10-18 11:59:57+00:00,3773,3773
PSONLLD_20251018_120000.txt,2025-10-18 11:59:58+00:00,2025-10-18 12:59:56.980000+00:00,3724,3724
PSONLLD_20251018_130000.txt,2025-10-18 12:59:57.980000+00:00,2025-10-18 13:47:41.960000+00:00,2949,2949
PSONLLD_20251018_151828.txt,2025-10-18 15:18:25.930000+00:00,2025-10-18 15:59:56.920000+00:00,2531,2531
PSONLLD_20251018_160000.txt,2025-10-18 15:59:57.920000+00:00,2025-10-18 16:59:56.900000+00:00,3711,3711
PSONLLD_20251018_170000.txt,2025-10-18 16:59:57.900000+00:00,2025-10-18 17:59:56.880000+00:00,3773,3773
PSONLLD_20251018_180000.txt,2025-10-18 17:59:57.880000+00:00,2025-10-18 18:59:56.860000+00:00,3772,3772
PSONLLD_20251018_190000.txt,2025-10-18 18:59:57.860000+00:00,2025-10-18 19:14:55.850000+00:00,926,926
PSONLLD_20251019_023833.txt,2025-10-19 02:38:30.710000+00:00,2025-10-19 02:59:56.700000+00:00,1311,1311
PSONLLD_20251019_030000.txt,2025-10-19 02:59:57.700000+00:00,2025-10-19 03:59:56.680000+00:00,3770,3770
PSONLLD_20251019_040000.txt,2025-10-19 03:59:57.680000+00:00,2025-10-19 04:59:56.660000+00:00,3768,3768
PSONLLD_20251019_050000.txt,2025-10-19 04:59:57.660000+00:00,2025-10-19 05:59:56.640000+00:00,3763,3763
PSONLLD_20251019_060000.txt,2025-10-19 05:59:57.640000+00:00,2025-10-19 06:59:56.610000+00:00,3769,3769
PSONLLD_20251019_070000.txt,2025-10-19 06:59:57.630000+00:00,2025-10-19 07:59:56.600000+00:00,3765,3765
PSONLLD_20251019_080000.txt,2025-10-19 07:59:57.600000+00:00,2025-10-19 08:59:56.580000+00:00,3716,3716
PSONLLD_20251019_090000.txt,2025-10-19 08:59:57.580000+00:00,2025-10-19 09:32:58.570000+00:00,2036,2036
PSONLLD_20251019_115958.txt,2025-10-19 11:59:55.520000+00:00,2025-10-19 11:59:56.520000+00:00,2,2
PSONLLD_20251019_120000.txt,2025-10-19 11:59:57.520000+00:00,2025-10-19 12:59:56.500000+00:00,3689,3689
PSONLLD_20251019_130000.txt,2025-10-19 12:59:57.500000+00:00,2025-10-19 13:59:56.480000+00:00,3774,3774
PSONLLD_20251019_140000.txt,2025-10-19 13:59:57.480000+00:00,2025-10-19 14:40:22.470000+00:00,2517,2517
PSONLLD_20251019_190515.txt,2025-10-19 19:05:12.380000+00:00,2025-10-19 19:59:56.360000+00:00,3380,3380
PSONLLD_20251019_200000.txt,2025-10-19 19:59:57.360000+00:00,2025-10-19 20:59:56.340000+00:00,3767,3767
PSONLLD_20251019_210000.txt,2025-10-19 20:59:57.340000+00:00,2025-10-19 21:59:56.320000+00:00,3732,3732
PSONLLD_20251019_220000.txt,2025-10-19 21:59:57.320000+00:00,2025-10-19 22:24:41.310000+00:00,1536,1536
PSONLLD_20251020_003428.txt,2025-10-20 00:34:25.270000+00:00,2025-10-20 00:59:56.260000+00:00,1556,1556
PSONLLD_20251020_010000.txt,2025-10-20 00:59:57.260000+00:00,2025-10-20 01:59:56.240000+00:00,3684,3684
PSONLLD_20251020_020000.txt,2025-10-20 01:59:57.240000+00:00,2025-10-20 02:59:56.220000+00:00,3759,3759
PSONLLD_20251020_030000.txt,2025-10-20 02:59:56.690000+00:00,2025-10-20 03:59:56.200000+00:00,3749,3749
PSONLLD_20251020_040000.txt,2025-10-20 03:59:57.200000+00:00,2025-10-20 04:59:56.180000+00:00,3704,3704
PSONLLD_20251020_050000.txt,2025-10-20 04:59:57.180000+00:00,2025-10-20 05:12:23.180000+00:00,770,770
PSONLLD_20251020_073701.txt,2025-10-20 07:36:58.130000+00:00,2025-10-20 07:59:56.120000+00:00,1400,1400
PSONLLD_20251020_080000.txt,2025-10-20 07:59:57.120000+00:00,2025-10-20 08:59:56.100000+00:00,3660,3660
PSONLLD_20251020_090000.txt,2025-10-20 08:59:57.100000+00:00,2025-10-20 09:59:56.080000+00:00,3721,3721
PSONLLD_20251020_100000.txt,2025-10-20 09:59:57.090000+00:00,2025-10-20 10:59:56.070000+00:00,3775,3775
PSONLLD_20251020_110000.txt,2025-10-20 10:59:57.070000+00:00,2025-10-20 11:59:56.050000+00:00,3778,3778
PSONLLD_20251020_120000.txt,2025-10-20 11:59:57.050000+00:00,2025-10-20 12:19:59.040000+00:00,1263,1263
PSONLLD_20251020_145311.txt,2025-10-20 14:53:07.990000+00:00,2025-10-20 14:59:55.990000+00:00,430,430
PSONLLD_20251020_150000.txt,2025-10-20 14:59:56.990000+00:00,2025-10-20 15:59:55.970000+00:00,3748,3748
PSONLLD_20251020_160000.txt,2025-10-20 15:59:56.970000+00:00,2025-10-20 16:59:55.950000+00:00,3753,3753
PSONLLD_20251020_170000.txt,2025-10-20 16:59:56.950000+00:00,2025-10-20 17:35:07.940000+00:00,2199,2199
PSONLLD_20251020_234342.txt,2025-10-20 23:43:38.810000+00:00,2025-10-20 23:59:55.810000+00:00,1024,1024
PSONLLD_20251021_000000.txt,2025-10-21 00:00:00.810000+00:00,2025-10-21 23:59:59.810000+00:00,3747,3747
PSONLLD_20251021_010000.txt,2025-10-21 00:59:56.790000+00:00,2025-10-21 01:59:55.770000+00:00,3665,3665
PSONLLD_20251021_020000.txt,2025-10-21 01:59:56.770000+00:00,2025-10-21 02:50:16.750000+00:00,3023,3023
PSONLLD_20251021_051751.txt,2025-10-21 05:17:47.700000+00:00,2025-10-21 05:59:55.690000+00:00,2602,2602
PSONLLD_20251021_060000.txt,2025-10-21 05:59:56.690000+00:00,2025-10-21 06:59:55.670000+00:00,3750,3750
PSONLLD_20251021_070000.txt,2025-10-21 06:59:56.410000+00:00,2025-10-21 07:59:55.650000+00:00,3753,3753
PSONLLD_20251021_080000.txt,2025-10-21 07:59:56.650000+00:00,2025-10-21 08:59:55.630000+00:00,3734,3734
PSONLLD_20251021_090000.txt,2025-10-21 08:59:56.630000+00:00,2025-10-21 09:59:55.610000+00:00,3722,3722
PSONLLD_20251021_100000.txt,2025-10-21 09:59:56.610000+00:00,2025-10-21 10:27:36.600000+00:00,1679,1679
PSONLLD_20251021_151224.txt,2025-10-21 15:12:20.510000+00:00,2025-10-21 15:59:55.490000+00:00,2990,2990
PSONLLD_20251021_160000.txt,2025-10-21 15:59:56.490000+00:00,2025-10-21 16:59:55.470000+00:00,3766,3766
PSONLLD_20251021_170000.txt,2025-10-21 16:59:56.470000+00:00,2025-10-21 17:59:55.450000+00:00,3749,3749
PSONLLD_20251021_180000.txt,2025-10-21 17:59:56.450000+00:00,2025-10-21 18:59:55.430000+00:00,3708,3708
PSONLLD_20251021_190000.txt,2025-10-21 18:59:56.430000+00:00,2025-10-21 19:04:31.430000+00:00,287,287
PSONLLD_20251022_013105.txt,2025-10-22 01:31:01.310000+00:00,2025-10-22 01:59:55.290000+00:00,1776,1776
PSONLLD_20251022_020000.txt,2025-10-22 01:59:56.300000+00:00,2025-10-22 02:59:55.280000+00:00,3774,3774
PSONLLD_20251022_030000.txt,2025-10-22 02:59:56.280000+00:00,2025-10-22 03:59:55.260000+00:00,3764,3764
PSONLLD_20251022_040000.txt,2025-10-22 03:59:56.260000+00:00,2025-10-22 04:59:55.240000+00:00,3736,3736
PSONLLD_20251022_050000.txt,2025-10-22 04:59:56.240000+00:00,2025-10-22 05:59:55.220000+00:00,3696,3696
PSONLLD_20251022_060000.txt,2025-10-22 05:59:56.220000+00:00,2025-10-22 06:29:09.210000+00:00,1754,1754
PSONLLD_20251022_105016.txt,2025-10-22 10:50:12.120000+00:00,2025-10-22 10:59:55.120000+00:00,602,602
PSONLLD_20251022_110000.txt,2025-10-22 10:59:56.120000+00:00,2025-10-22 11:59:55.100000+00:00,3732,3732
PSONLLD_20251022_120000.txt,2025-10-22 11:59:56.100000+00:00,2025-10-22 12:59:55.080000+00:00,3758,3758
PSONLLD_20251022_130000.txt,2025-10-22 12:59:56.080000+00:00,2025-10-22 13:59:55.060000+00:00,3770,3770
PSONLLD_20251022_140000.txt,2025-10-22 13:59:56.060000+00:00,2025-10-22 14:39:24.050000+00:00,2467,2467
PSONLLD_20251022_154318.txt,2025-10-22 15:43:14.030000+00:00,2025-10-22 15:59:55.020000+00:00,1025,1025
PSONLLD_20251022_160000.txt,2025-10-22 15:59:56.020000+00:00,2025-10-22 16:59:55+00:00,3663,3663
PSONLLD_20251022_170000.txt,2025-10-22 16:59:56+00:00,2025-10-22 17:59:54.980000+00:00,3760,3760
PSONLLD_20251022_180000.txt,2025-10-22 17:59:55.980000+00:00,2025-10-22 18:59:54.960000+00:00,3771,3771
PSONLLD_20251022_190000.txt,2025-10-22 18:59:55.960000+00:00,2025-10-22 19:59:54.940000+00:00,3709,3709
PSONLLD_20251022_200000.txt,2025-10-22 19:59:55.940000+00:00,2025-10-22 20:11:21.940000+00:00,716,716
PSONLLD_20251022_221200.txt,2025-10-22 22:11:55.900000+00:00,2025-10-22 22:59:54.880000+00:00,2969,2969
PSONLLD_20251022_230000.txt,2025-10-22 22:59:55.880000+00:00,2025-10-22 23:59:54.860000+00:00,3749,3749
PSONLLD_20251023_000000.txt,2025-10-23 00:00:00.860000+00:00,2025-10-23 23:59:59.860000+00:00,3910,3910
PSONLLD_20251023_010000.txt,2025-10-23 00:59:55.840000+00:00,2025-10-23 01:59:54.820000+00:00,3739,3739
PSONLLD_20251023_020000.txt,2025-10-23 01:59:55.820000+00:00,2025-10-23 02:59:54.800000+00:00,3786,3786
PSONLLD_20251023_030000.txt,2025-10-23 02:59:55.800000+00:00,2025-10-23 03:59:54.780000+00:00,3729,3729
PSONLLD_20251023_040000.txt,2025-10-23 03:59:55.780000+00:00,2025-10-23 04:59:54.760000+00:00,3777,3777
PSONLLD_20251023_050000.txt,2025-10-23 04:59:55.760000+00:00,2025-10-23 05:59:54.740000+00:00,3777,3777
PSONLLD_20251023_060000.txt,2025-10-23 05:59:55.740000+00:00,2025-10-23 06:59:54.720000+00:00,3723,3723
PSONLLD_20251023_070000.txt,2025-10-23 06:59:55.720000+00:00,2025-10-23 07:46:15.710000+00:00,2800,2800
PSONLLD_20251023_084827.txt,2025-10-23 08:48:22.620000+00:00,2025-10-23 08:59:54.690000+00:00,705,705
PSONLLD_20251023_090000.txt,2025-10-23 08:59:55.690000+00:00,2025-10-23 09:59:54.670000+00:00,3662,3662
PSONLLD_20251023_100000.txt,2025-10-23 09:59:55.670000+00:00,2025-10-23 10:59:54.650000+00:00,3753,3753
PSONLLD_20251023_110000.txt,2025-10-23 10:59:55.650000+00:00,2025-10-23 11:59:54.630000+00:00,3746,3746
PSONLLD_20251023_120000.txt,2025-10-23 11:59:55.630000+00:00,2025-10-23 12:59:54.610000+00:00,3707,3707
PSONLLD_20251023_130000.txt,2025-10-23 12:59:55.610000+00:00,2025-10-23 13:33:42.600000+00:00,2028,2028
PSONLLD_20251023_153432.txt,2025-10-23 15:34:27.560000+00:00,2025-10-23 15:59:54.550000+00:00,1602,1602
PSONLLD_20251023_160000.txt,2025-10-23 15:59:55.520000+00:00,2025-10-23 16:59:54.530000+00:00,3778,3778
PSONLLD_20251023_170000.txt,2025-10-23 16:59:55.530000+00:00,2025-10-23 17:59:54.510000+00:00,3771,3771
PSONLLD_20251023_180000.txt,2025-10-23 17:59:55.510000+00:00,2025-10-23 18:48:07.490000+00:00,2968,2968
PSONLLD_20251023_214657.txt,2025-10-23 21:46:52.430000+00:00,2025-10-23 21:59:54.430000+00:00,795,795
PSONLLD_20251023_220000.txt,2025-10-23 21:59:55.430000+00:00,2025-10-23 22:59:54.410000+00:00,3748,3748
PSONLLD_20251023_230000.txt,2025-10-23 22:59:55.410000+00:00,2025-10-23 23:59:54.390000+00:00,3768,3768
PSONLLD_20251024_000000.txt,2025-10-24 00:00:00.390000+00:00,2025-10-24 23:59:59.390000+00:00,3765,3765
PSONLLD_20251024_010000.txt,2025-10-24 00:59:55.370000+00:00,2025-10-24 01:59:54.350000+00:00,3708,3708
PSONLLD_20251024_020000.txt,2025-10-24 01:59:55.350000+00:00,2025-10-24 02:01:29.350000+00:00,96,96
PSONLLD_20251024_034722.txt,2025-10-24 03:47:17.320000+00:00,2025-10-24 03:59:54.310000+00:00,771,771
PSONLLD_20251024_040000.txt,2025-10-24 03:59:55.310000+00:00,2025-10-24 04:59:54.290000+00:00,3673,3673
PSONLLD_20251024_050000.txt,2025-10-24 04:59:55.290000+00:00,2025-10-24 05:59:54.270000+00:00,3730,3730
PSONLLD_20251024_060000.txt,2025-10-24 05:59:55.270000+00:00,2025-10-24 06:59:54.250000+00:00,3765,3765
PSONLLD_20251024_070000.txt,2025-10-24 06:59:55.250000+00:00,2025-10-24 07:57:03.230000+00:00,3537,3537
PSONLLD_20251024_093634.txt,2025-10-24 09:36:29.200000+00:00,2025-10-24 09:59:54.190000+00:00,1447,1447
PSONLLD_20251024_100000.txt,2025-10-24 09:59:55.190000+00:00,2025-10-24 10:59:54.170000+00:00,3729,3729
PSONLLD_20251024_110000.txt,2025-10-24 10:59:55.170000+00:00,2025-10-24 11:59:54.150000+00:00,3744,3744
PSONLLD_20251024_120000.txt,2025-10-24 11:59:55.130000+00:00,2025-10-24 12:59:54.130000+00:00,3763,3763
PSONLLD_20251024_130000.txt,2025-10-24 12:59:54.650000+00:00,2025-10-24 13:59:54.110000+00:00,3770,3770
PSONLLD_20251024_140000.txt,2025-10-24 13:59:54.950000+00:00,2025-10-24 14:24:37.110000+00:00,1551,1551
PSONLLD_20251024_164520.txt,2025-10-24 16:45:15.060000+00:00,2025-10-24 16:59:54.060000+00:00,906,906
PSONLLD_20251024_170000.txt,2025-10-24 16:59:55.060000+00:00,2025-10-24 17:59:54.040000+00:00,3765,3765
PSONLLD_20251024_180000.txt,2025-10-24 17:59:55.040000+00:00,2025-10-24 18:59:54.020000+00:00,3729,3729
PSONLLD_20251024_190000.txt,2025-10-24 18:59:55.020000+00:00,2025-10-24 19:20:12.010000+00:00,1252,1252
PSONLLD_20251024_230612.txt,2025-10-24 23:06:06.940000+00:00,2025-10-24 23:59:53.920000+00:00,3377,3377
PSONLLD_20251025_000000.txt,2025-10-25 00:00:00.920000+00:00,2025-10-25 23:59:59.920000+00:00,3780,3780
PSONLLD_20251025_010000.txt,2025-10-25 00:59:54.900000+00:00,2025-10-25 01:39:15.890000+00:00,2396,2396
PSONLLD_20251025_044020.txt,2025-10-25 04:40:14.830000+00:00,2025-10-25 04:59:53.820000+00:00,1197,1197
PSONLLD_20251025_050000.txt,2025-10-25 04:59:54.820000+00:00,2025-10-25 05:59:53.800000+00:00,3665,3665
PSONLLD_20251025_060000.txt,2025-10-25 05:59:54.800000+00:00,2025-10-25 06:59:53.780000+00:00,3771,3771
PSONLLD_20251025_070000.txt,2025-10-25 06:59:54.780000+00:00,2025-10-25 07:59:53.760000+00:00,3767,3767
PSONLLD_20251025_080000.txt,2025-10-25 07:59:54.760000+00:00,2025-10-25 08:59:53.740000+00:00,3710,3710
PSONLLD_20251025_090000.txt,2025-10-25 08:59:54.740000+00:00,2025-10-25 09:02:40.740000+00:00,172,172
PSONLLD_20251025_132428.txt,2025-10-25 13:24:22.660000+00:00,2025-10-25 13:59:53.640000+00:00,2224,2224
PSONLLD_20251025_140000.txt,2025-10-25 13:59:54.640000+00:00,2025-10-25 14:59:53.620000+00:00,3751,3751
PSONLLD_20251025_150000.txt,2025-10-25 14:59:54.620000+00:00,2025-10-25 15:59:53.600000+00:00,3705,3705
PSONLLD_20251025_160000.txt,2025-10-25 15:59:54.600000+00:00,2025-10-25 16:25:39.600000+00:00,1578,1578
PSONLLD_20251025_221843.txt,2025-10-25 22:18:37.480000+00:00,2025-10-25 22:59:53.470000+00:00,2516,2516
PSONLLD_20251025_230000.txt,2025-10-25 22:59:54.470000+00:00,2025-10-25 23:59:53.450000+00:00,3683,3683
PSONLLD_20251026_000000.txt,2025-10-26 00:00:00.450000+00:00,2025-10-26 23:59:59.450000+00:00,3737,3737
PSONLLD_20251026_010000.txt,2025-10-26 00:59:54.430000+00:00,2025-10-26 01:59:53.410000+00:00,3752,3752
PSONLLD_20251026_020000.txt,2025-10-26 01:59:54.410000+00:00,2025-10-26 02:48:22.390000+00:00,3001,3001
PSONLLD_20251026_055547.txt,2025-10-26 05:55:41.330000+00:00,2025-10-26 05:59:53.330000+00:00,255,255
PSONLLD_20251026_060000.txt,2025-10-26 05:59:54.330000+00:00,2025-10-26 06:59:53.310000+00:00,3659,3659
PSONLLD_20251026_070000.txt,2025-10-26 06:59:54.310000+00:00,2025-10-26 07:59:53.290000+00:00,3684,3684
PSONLLD_20251026_080000.txt,2025-10-26 07:59:54.290000+00:00,2025-10-26 08:59:53.270000+00:00,3715,3715
PSONLLD_20251026_090000.txt,2025-10-26 08:59:54.270000+00:00,2025-10-26 09:28:27.260000+00:00,1756,1756
PSONLLD_20251026_121317.txt,2025-10-26 12:13:11.210000+00:00,2025-10-26 12:59:53.190000+00:00,2931,2931
PSONLLD_20251026_130000.txt,2025-10-26 12:59:54.190000+00:00,2025-10-26 13:59:53.170000+00:00,3762,3762
PSONLLD_20251026_140000.txt,2025-10-26 13:59:54.170000+00:00,2025-10-26 14:26:23.160000+00:00,1636,1636
PSONLLD_20251026_175831.txt,2025-10-26 17:58:25.090000+00:00,2025-10-26 17:59:53.090000+00:00,92,92
PSONLLD_20251026_180000.txt,2025-10-26 17:59:54.090000+00:00,2025-10-26 18:59:53.070000+00:00,3764,3764
PSONLLD_20251026_190000.txt,2025-10-26 18:59:54.070000+00:00,2025-10-26 19:57:06.060000+00:00,3567,3567
PSONLLD_20251027_004505.txt,2025-10-27 00:44:58.960000+00:00,2025-10-27 00:59:52.960000+00:00,910,910
PSONLLD_20251027_010000.txt,2025-10-27 00:59:53.960000+00:00,2025-10-27 01:59:52.940000+00:00,3718,3718
PSONLLD_20251027_020000.txt,2025-10-27 01:59:53.940000+00:00,2025-10-27 02:59:52.930000+00:00,3770,3770
PSONLLD_20251027_030000.txt,2025-10-27 02:59:53.920000+00:00,2025-10-27 03:59:52.900000+00:00,3710,3710
PSONLLD_20251027_040000.txt,2025-10-27 03:59:53.900000+00:00,2025-10-27 04:35:33.890000+00:00,2214,2214
PSONLLD_20251027_055042.txt,2025-10-27 05:50:35.860000+00:00,2025-10-27 05:59:52.860000+00:00,565,565
PSONLLD_20251027_060000.txt,2025-10-27 05:59:53.860000+00:00,2025-10-27 06:59:52.840000+00:00,3657,3657
PSONLLD_20251027_070000.txt,2025-10-27 06:59:53.840000+00:00,2025-10-27 07:59:52.820000+00:00,3757,3757
PSONLLD_20251027_080000.txt,2025-10-27 07:59:53.820000+00:00,2025-10-27 08:37:26.810000+00:00,2357,2357
PSONLLD_20251027_133635.txt,2025-10-27 13:36:28.710000+00:00,2025-10-27 13:59:52.700000+00:00,1451,1451
PSONLLD_20251027_140000.txt,2025-10-27 13:59:53.700000+00:00,2025-10-27 14:59:52.680000+00:00,3770,3770
PSONLLD_20251027_150000.txt,2025-10-27 14:59:53.680000+00:00,2025-10-27 15:59:52.660000+00:00,3771,3771
PSONLLD_20251027_160000.txt,2025-10-27 15:59:53.660000+00:00,2025-10-27 16:36:43.650000+00:00,2287,2287
PSONLLD_20251027_185634.txt,2025-10-27 18:56:27.610000+00:00,2025-10-27 18:59:52.600000+00:00,210,210
PSONLLD_20251027_190000.txt,2025-10-27 18:59:53.600000+00:00,2025-10-27 19:59:52.580000+00:00,3656,3656
PSONLLD_20251027_200000.txt,2025-10-27 19:59:53.590000+00:00,2025-10-27 20:59:52.570000+00:00,3738,3738
PSONLLD_20251027_210000.txt,2025-10-27 20:59:53.570000+00:00,2025-10-27 21:59:52.550000+00:00,3718,3718
PSONLLD_20251027_220000.txt,2025-10-27 21:59:53.550000+00:00,2025-10-27 22:59:52.530000+00:00,3698,3698
PSONLLD_20251027_230000.txt,2025-10-27 22:59:53.530000+00:00,2025-10-27 23:59:52.510000+00:00,3684,3684
PSONLLD_20251028_000000.txt,2025-10-28 00:00:00.510000+00:00,2025-10-28 23:59:59.510000+00:00,3641,3641
PSONLLD_20251028_010000.txt,2025-10-28 00:59:53.490000+00:00,2025-10-28 01:06:48.480000+00:00,416,416
PSONLLD_20251028_032854.txt,2025-10-28 03:28:47.440000+00:00,2025-10-28 03:59:52.430000+00:00,1900,1900
PSONLLD_20251028_040000.txt,2025-10-28 03:59:53.430000+00:00,2025-10-28 04:59:52.410000+00:00,3753,3753
PSONLLD_20251028_050000.txt,2025-10-28 04:59:53.410000+00:00,2025-10-28 05:59:52.390000+00:00,3691,3691
PSONLLD_20251028_060000.txt,2025-10-28 05:59:53.390000+00:00,2025-10-28 06:05:09.390000+00:00,328,328
PSONLLD_20251028_075918.txt,2025-10-28 07:59:11.350000+00:00,2025-10-28 07:59:52.350000+00:00,43,43
PSONLLD_20251028_080000.txt,2025-10-28 07:59:53.350000+00:00,2025-10-28 08:59:52.330000+00:00,3653,3653
PSONLLD_20251028_090000.txt,2025-10-28 08:59:53.330000+00:00,2025-10-28 09:59:52.310000+00:00,3726,3726
PSONLLD_20251028_100000.txt,2025-10-28 09:59:53.310000+00:00,2025-10-28 10:59:52.290000+00:00,3719,3719
PSONLLD_20251028_110000.txt,2025-10-28 10:59:52.720000+00:00,2025-10-28 11:23:57.280000+00:00,1480,1480
PSONLLD_20251028_143428.txt,2025-10-28 14:34:21.220000+00:00,2025-10-28 14:59:52.210000+00:00,1557,1557
PSONLLD_20251028_150000.txt,2025-10-28 14:59:53.210000+00:00,2025-10-28 15:59:52.190000+00:00,3763,3763
PSONLLD_20251028_160000.txt,2025-10-28 15:59:53.190000+00:00,2025-10-28 16:31:47.180000+00:00,1994,1994
PSONLLD_20251028_200945.txt,2025-10-28 20:09:38.110000+00:00,2025-10-28 20:59:52.100000+00:00,3107,3107
PSONLLD_20251028_210000.txt,2025-10-28 20:59:53.100000+00:00,2025-10-28 21:59:52.080000+00:00,3760,3760
PSONLLD_20251028_220000.txt,2025-10-28 21:59:53.080000+00:00,2025-10-28 22:59:52.060000+00:00,3712,3712
PSONLLD_20251028_230000.txt,2025-10-28 22:59:53.060000+00:00,2025-10-28 23:59:52.040000+00:00,3708,3708
PSONLLD_20251029_000000.txt,2025-10-29 00:00:00.040000+00:00,2025-10-29 23:59:59.040000+00:00,3600,3600
PSONLLD_20251029_010000.txt,2025-10-29 00:59:53.020000+00:00,2025-10-29 01:59:52+00:00,3624,3624
PSONLLD_20251029_020000.txt,2025-10-29 01:59:53+00:00,2025-10-29 02:59:51.980000+00:00,3669,3669
PSONLLD_20251029_030000.txt,2025-10-29 02:59:52.980000+00:00,2025-10-29 03:59:51.960000+00:00,3727,3727
PSONLLD_20251029_040000.txt,2025-10-29 03:59:52.960000+00:00,2025-10-29 04:34:37.950000+00:00,2141,2141
PSONLLD_20251029_072624.txt,2025-10-29 07:26:16.890000+00:00,2025-10-29 07:59:51.880000+00:00,2046,2046
PSONLLD_20251029_080000.txt,2025-10-29 07:59:52.880000+00:00,2025-10-29 08:59:51.860000+00:00,3716,3716
PSONLLD_20251029_090000.txt,2025-10-29 08:59:52.860000+00:00,2025-10-29 09:59:51.840000+00:00,3705,3705
PSONLLD_20251029_100000.txt,2025-10-29 09:59:52.840000+00:00,2025-10-29 10:17:29.840000+00:00,1093,1093
PSONLLD_20251029_164702.txt,2025-10-29 16:46:54.710000+00:00,2025-10-29 16:59:51.700000+00:00,793,793
PSONLLD_20251029_170000.txt,2025-10-29 16:59:52.710000+00:00,2025-10-29 17:59:51.680000+00:00,3664,3664
PSONLLD_20251029_180000.txt,2025-10-29 17:59:52.680000+00:00,2025-10-29 18:59:51.670000+00:00,3729,3729
PSONLLD_20251029_190000.txt,2025-10-29 18:59:52.670000+00:00,2025-10-29 19:59:51.650000+00:00,3719,3719
PSONLLD_20251029_200000.txt,2025-10-29 19:59:52.650000+00:00,2025-10-29 20:59:51.630000+00:00,3700,3700
PSONLLD_20251029_210000.txt,2025-10-29 20:59:52.630000+00:00,2025-10-29 21:23:06.620000+00:00,1398,1398
PSONLLD_20251030_004631.txt,2025-10-30 00:46:23.550000+00:00,2025-10-30 00:59:51.550000+00:00,825,825
PSONLLD_20251030_010000.txt,2025-10-30 00:59:52.550000+00:00,2025-10-30 01:59:51.530000+00:00,3660,3660
PSONLLD_20251030_020000.txt,2025-10-30 01:59:52.530000+00:00,2025-10-30 02:59:51.510000+00:00,3755,3755
PSONLLD_20251030_030000.txt,2025-10-30 02:59:52.510000+00:00,2025-10-30 03:59:51.490000+00:00,3738,3738
PSONLLD_20251030_040000.txt,2025-10-30 03:59:52.490000+00:00,2025-10-30 04:52:40.470000+00:00,3262,3262
PSONLLD_20251030_061405.txt,2025-10-30 06:13:57.450000+00:00,2025-10-30 06:59:51.430000+00:00,2797,2797
PSONLLD_20251030_070000.txt,2025-10-30 06:59:52.430000+00:00,2025-10-30 07:59:51.410000+00:00,3708,3708
PSONLLD_20251030_080000.txt,2025-10-30 07:59:52.410000+00:00,2025-10-30 08:59:51.390000+00:00,3751,3751
PSONLLD_20251030_090000.txt,2025-10-30 08:59:52.390000+00:00,2025-10-30 09:02:08.390000+00:00,140,140
PSONLLD_20251030_122357.txt,2025-10-30 12:23:49.320000+00:00,2025-10-30 12:59:51.310000+00:00,2208,2208
PSONLLD_20251030_130000.txt,2025-10-30 12:59:52.310000+00:00,2025-10-30 13:59:51.290000+00:00,3769,3769
PSONLLD_20251030_140000.txt,2025-10-30 13:59:52.290000+00:00,2025-10-30 14:40:41.280000+00:00,2555,2555
PSONLLD_20251030_172708.txt,2025-10-30 17:27:00.230000+00:00,2025-10-30 17:59:51.220000+00:00,2002,2002
PSONLLD_20251030_180000.txt,2025-10-30 17:59:52.220000+00:00,2025-10-30 18:59:51.200000+00:00,3696,3696
PSONLLD_20251030_190000.txt,2025-10-30 18:59:52.200000+00:00,2025-10-30 19:59:51.180000+00:00,3763,3763
PSONLLD_20251030_200000.txt,2025-10-30 19:59:52.180000+00:00,2025-10-30 20:59:51.160000+00:00,3723,3723
PSONLLD_20251030_210000.txt,2025-10-30 20:59:52.160000+00:00,2025-10-30 21:33:48.150000+00:00,2099,2099
PSONLLD_20251031_030725.txt,2025-10-31 03:07:17.040000+00:00,2025-10-31 03:59:51.020000+00:00,3307,3307
PSONLLD_20251031_040000.txt,2025-10-31 03:59:52.020000+00:00,2025-10-31 04:59:51+00:00,3772,3772
PSONLLD_20251031_050000.txt,2025-10-31 04:59:52+00:00,2025-10-31 05:59:50.980000+00:00,3775,3775
PSONLLD_20251031_060000.txt,2025-10-31 05:59:51.980000+00:00,2025-10-31 06:59:50.960000+00:00,3769,3769
PSONLLD_20251031_070000.txt,2025-10-31 06:59:51.960000+00:00,2025-10-31 07:59:50.940000+00:00,3730,3730
PSONLLD_20251031_080000.txt,2025-10-31 07:59:51.940000+00:00,2025-10-31 08:12:35.940000+00:00,780,780
PSONLLD_20251031_092435.txt,2025-10-31 09:24:26.910000+00:00,2025-10-31 09:59:50.900000+00:00,2180,2180
PSONLLD_20251031_100000.txt,2025-10-31 09:59:51.900000+00:00,2025-10-31 10:59:50.880000+00:00,3739,3739
PSONLLD_20251031_110000.txt,2025-10-31 10:59:51.880000+00:00,2025-10-31 11:59:50.860000+00:00,3745,3745
PSONLLD_20251031_120000.txt,2025-10-31 11:59:51.600000+00:00,2025-10-31 12:59:50.840000+00:00,3620,3620
PSONLLD_20251031_130000.txt,2025-10-31 12:59:51.840000+00:00,2025-10-31 13:59:50.820000+00:00,3615,3615
PSONLLD_20251031_140000.txt,2025-10-31 13:59:51.820000+00:00,2025-10-31 14:59:50.800000+00:00,3695,3695
PSONLLD_20251031_150000.txt,2025-10-31 14:59:51.800000+00:00,2025-10-31 15:59:50.790000+00:00,3784,3784
PSONLLD_20251031_160000.txt,2025-10-31 15:59:51.790000+00:00,2025-10-31 16:59:50.770000+00:00,3793,3793
PSONLLD_20251031_170000.txt,2025-10-31 16:59:51.770000+00:00,2025-10-31 17:59:50.750000+00:00,3719,3719
PSONLLD_20251031_180000.txt,2025-10-31 17:59:51.750000+00:00,2025-10-31 18:51:40.730000+00:00,3219,3219
PSONLLD_20251031_194041.txt,2025-10-31 19:40:32.710000+00:00,2025-10-31 19:59:50.710000+00:00,1211,1211
PSONLLD_20251031_200000.txt,2025-10-31 19:59:51.710000+00:00,2025-10-31 20:59:50.690000+00:00,3772,3772
PSONLLD_20251031_210000.txt,2025-10-31 20:59:51.690000+00:00,2025-10-31 21:59:50.670000+00:00,3770,3770
PSONLLD_20251031_220000.txt,2025-10-31 21:59:51.660000+00:00,2025-10-31 22:59:50.650000+00:00,3769,3769
PSONLLD_20251031_230000.txt,2025-10-31 22:59:51.650000+00:00,2025-10-31 23:59:50.630000+00:00,3779,3779
PSONLLD_20251101_000000.txt,2025-11-01 00:00:00.630000+00:00,2025-11-01 23:59:59.630000+00:00,3038,3038
PSONLLD_20251101_024532.txt,2025-11-01 02:45:23.580000+00:00,2025-11-01 02:59:50.570000+00:00,884,884
PSONLLD_20251101_030000.txt,2025-11-01 02:59:51.570000+00:00,2025-11-01 03:59:50.550000+00:00,3733,3733
PSONLLD_20251101_040000.txt,2025-11-01 03:59:51.550000+00:00,2025-11-01 04:59:50.530000+00:00,3775,3775
PSONLLD_20251101_050000.txt,2025-11-01 04:59:51.530000+00:00,2025-11-01 05:59:50.510000+00:00,3728,3728
PSONLLD_20251101_060000.txt,2025-11-01 05:59:51.510000+00:00,2025-11-01 06:47:54.500000+00:00,2963,2963
PSONLLD_20251101_082519.txt,2025-11-01 08:25:10.440000+00:00,2025-11-01 08:59:50.450000+00:00,2121,2121
PSONLLD_20251101_090000.txt,2025-11-01 08:59:51.450000+00:00,2025-11-01 09:59:50.430000+00:00,3674,3674
PSONLLD_20251101_100000.txt,2025-11-01 09:59:51.440000+00:00,2025-11-01 10:59:50.410000+00:00,3757,3757
PSONLLD_20251101_110000.txt,2025-11-01 10:59:51.410000+00:00,2025-11-01 11:59:50.390000+00:00,3718,3718
PSONLLD_20251101_120000.txt,2025-11-01 11:59:51.390000+00:00,2025-11-01 12:29:15.390000+00:00,1820,1820
PSONLLD_20251101_153501.txt,2025-11-01 15:34:52.320000+00:00,2025-11-01 15:59:50.320000+00:00,1565,1565
PSONLLD_20251101_160000.txt,2025-11-01 15:59:51.320000+00:00,2025-11-01 16:59:09.300000+00:00,3706,3706
PSONLLD_20251101_195258.txt,2025-11-01 19:52:49.240000+00:00,2025-11-01 19:59:50.240000+00:00,429,429
PSONLLD_20251101_200000.txt,2025-11-01 19:59:51.240000+00:00,2025-11-01 20:59:50.220000+00:00,3650,3650
PSONLLD_20251101_210000.txt,2025-11-01 20:59:51.220000+00:00,2025-11-01 21:59:50.200000+00:00,3761,3761
PSONLLD_20251101_220000.txt,2025-11-01 21:59:51.200000+00:00,2025-11-01 22:28:01.190000+00:00,1768,1768
PSONLLD_20251102_030723.txt,2025-11-02 03:07:14.100000+00:00,2025-11-02 03:59:50.080000+00:00,3305,3305
PSONLLD_20251102_040000.txt,2025-11-02 03:59:51.080000+00:00,2025-11-02 04:59:50.070000+00:00,3775,3775
PSONLLD_20251102_050000.txt,2025-11-02 04:59:51.060000+00:00,2025-11-02 05:59:50.040000+00:00,3757,3757
PSONLLD_20251102_060000.txt,2025-11-02 05:59:51.040000+00:00,2025-11-02 06:59:50.020000+00:00,3765,3765
PSONLLD_20251102_070000.txt,2025-11-02 06:59:51.020000+00:00,2025-11-02 07:27:30.010000+00:00,1734,1734
PSONLLD_20251102_091318.txt,2025-11-02 09:13:08.980000+00:00,2025-11-02 09:59:49.970000+00:00,2882,2882
PSONLLD_20251102_100000.txt,2025-11-02 09:59:50.970000+00:00,2025-11-02 10:59:49.950000+00:00,3893,3893
PSONLLD_20251102_110000.txt,2025-11-02 10:59:50.950000+00:00,2025-11-02 11:59:49.930000+00:00,3741,3741
PSONLLD_20251102_120000.txt,2025-11-02 11:59:50.930000+00:00,2025-11-02 12:36:39.910000+00:00,2222,2222
PSONLLD_20251102_143015.txt,2025-11-02 14:30:05.880000+00:00,2025-11-02 14:59:49.870000+00:00,1815,1815
PSONLLD_20251102_150000.txt,2025-11-02 14:59:50.870000+00:00,2025-11-02 15:59:49.850000+00:00,3690,3690
PSONLLD_20251102_160000.txt,2025-11-02 15:59:50.850000+00:00,2025-11-02 16:59:49.830000+00:00,3771,3771
PSONLLD_20251102_170000.txt,2025-11-02 16:59:50.830000+00:00,2025-11-02 17:58:51.810000+00:00,3689,3689
PSONLLD_20251102_201314.txt,2025-11-02 20:13:04.770000+00:00,2025-11-02 20:59:49.750000+00:00,2689,2689
PSONLLD_20251102_210000.txt,2025-11-02 20:59:50.750000+00:00,2025-11-02 21:59:49.730000+00:00,3772,3772
PSONLLD_20251102_220000.txt,2025-11-02 21:59:50.730000+00:00,2025-11-02 22:59:49.710000+00:00,3749,3749
PSONLLD_20251102_230000.txt,2025-11-02 22:59:50.710000+00:00,2025-11-02 23:59:49.690000+00:00,3696,3696
PSONLLD_20251103_000000.txt,2025-11-03 00:00:00.690000+00:00,2025-11-03 23:59:59.690000+00:00,3774,3774
PSONLLD_20251103_010000.txt,2025-11-03 00:59:50.670000+00:00,2025-11-03 01:52:25.660000+00:00,3227,3227
PSONLLD_20251103_045608.txt,2025-11-03 04:55:58.600000+00:00,2025-11-03 04:59:49.590000+00:00,238,238
PSONLLD_20251103_050000.txt,2025-11-03 04:59:50.590000+00:00,2025-11-03 05:59:49.580000+00:00,3761,3761
PSONLLD_20251103_060000.txt,2025-11-03 05:59:50.570000+00:00,2025-11-03 06:59:49.560000+00:00,3765,3765
PSONLLD_20251103_070000.txt,2025-11-03 06:59:50.560000+00:00,2025-11-03 07:49:00.540000+00:00,3039,3039
PSONLLD_20251103_102508.txt,2025-11-03 10:24:58.490000+00:00,2025-11-03 10:59:49.480000+00:00,2125,2125
PSONLLD_20251103_110000.txt,2025-11-03 10:59:50.480000+00:00,2025-11-03 11:59:49.460000+00:00,3696,3696
PSONLLD_20251103_120000.txt,2025-11-03 11:59:50.460000+00:00,2025-11-03 12:59:49.440000+00:00,3772,3772
PSONLLD_20251103_130000.txt,2025-11-03 12:59:50.440000+00:00,2025-11-03 13:59:49.420000+00:00,3724,3724
PSONLLD_20251103_140000.txt,2025-11-03 13:59:50.420000+00:00,2025-11-03 14:59:49.400000+00:00,3691,3691
PSONLLD_20251103_150000.txt,2025-11-03 14:59:50.400000+00:00,2025-11-03 15:06:43.390000+00:00,414,414
PSONLLD_20251103_165150.txt,2025-11-03 16:51:40.360000+00:00,2025-11-03 16:59:49.360000+00:00,497,497
PSONLLD_20251103_170000.txt,2025-11-03 16:59:50.360000+00:00,2025-11-03 17:59:49.340000+00:00,3757,3757
PSONLLD_20251103_180000.txt,2025-11-03 17:59:50.340000+00:00,2025-11-03 18:59:49.320000+00:00,3764,3764
PSONLLD_20251103_190000.txt,2025-11-03 18:59:50.230000+00:00,2025-11-03 19:59:49.300000+00:00,3743,3743
PSONLLD_20251103_200000.txt,2025-11-03 19:59:47+00:00,2025-11-03 20:00:27.300000+00:00,39,39
PSONLLD_20251104_025911.txt,2025-11-04 02:59:01.170000+00:00,2025-11-04 02:59:49.170000+00:00,52,52
PSONLLD_20251104_030000.txt,2025-11-04 02:59:50.170000+00:00,2025-11-04 03:59:49.150000+00:00,3774,3774
PSONLLD_20251104_040000.txt,2025-11-04 03:59:50.150000+00:00,2025-11-04 04:59:49.130000+00:00,3738,3738
PSONLLD_20251104_050000.txt,2025-11-04 04:59:50.130000+00:00,2025-11-04 05:59:49.110000+00:00,3752,3752
PSONLLD_20251104_060000.txt,2025-11-04 05:59:50.110000+00:00,2025-11-04 06:59:49.090000+00:00,3715,3715
PSONLLD_20251104_070000.txt,2025-11-04 06:59:50.090000+00:00,2025-11-04 07:01:46.090000+00:00,121,121
PSONLLD_20251104_084806.txt,2025-11-04 08:47:56.050000+00:00,2025-11-04 08:59:49.050000+00:00,726,726
PSONLLD_20251104_090000.txt,2025-11-04 08:59:50.050000+00:00,2025-11-04 09:59:49.030000+00:00,3683,3683
PSONLLD_20251104_100000.txt,2025-11-04 09:59:50.030000+00:00,2025-11-04 10:59:49.010000+00:00,3771,3771
PSONLLD_20251104_110000.txt,2025-11-04 10:59:50.010000+00:00,2025-11-04 11:59:48.990000+00:00,3735,3735
PSONLLD_20251104_120000.txt,2025-11-04 11:59:49.990000+00:00,2025-11-04 12:59:48.970000+00:00,3769,3769
PSONLLD_20251104_130000.txt,2025-11-04 12:59:49.970000+00:00,2025-11-04 13:59:48.950000+00:00,3773,3773
PSONLLD_20251104_140000.txt,2025-11-04 13:59:49.950000+00:00,2025-11-04 14:59:48.930000+00:00,3761,3761
PSONLLD_20251104_150000.txt,2025-11-04 14:59:49.930000+00:00,2025-11-04 15:59:48.910000+00:00,3706,3706
PSONLLD_20251104_160000.txt,2025-11-04 15:59:49.910000+00:00,2025-11-04 16:59:48.890000+00:00,3600,3600
PSONLLD_20251104_170000.txt,2025-11-04 16:59:49.890000+00:00,2025-11-04 17:02:03.890000+00:00,135,135
PSONLLD_20251104_182924.txt,2025-11-04 18:29:13.860000+00:00,2025-11-04 18:59:48.850000+00:00,1861,1861
PSONLLD_20251104_190000.txt,2025-11-04 18:59:49.850000+00:00,2025-11-04 19:59:48.830000+00:00,3754,3754
PSONLLD_20251104_200000.txt,2025-11-04 19:59:49.830000+00:00,2025-11-04 20:41:29.820000+00:00,2610,2610
PSONLLD_20251104_230524.txt,2025-11-04 23:05:13.770000+00:00,2025-11-04 23:59:48.760000+00:00,3395,3395
PSONLLD_20251105_000000.txt,2025-11-05 00:00:00.760000+00:00,2025-11-05 23:59:59.760000+00:00,3709,3709
PSONLLD_20251105_010000.txt,2025-11-05 00:59:49.740000+00:00,2025-11-05 01:54:18.720000+00:00,3314,3314
PSONLLD_20251105_090021.txt,2025-11-05 09:00:10.580000+00:00,2025-11-05 09:59:48.560000+00:00,3681,3681
PSONLLD_20251105_100000.txt,2025-11-05 09:59:49.560000+00:00,2025-11-05 10:59:48.540000+00:00,3775,3775
PSONLLD_20251105_110000.txt,2025-11-05 10:59:49.540000+00:00,2025-11-05 11:59:48.520000+00:00,3766,3766
PSONLLD_20251105_120000.txt,2025-11-05 11:59:49.520000+00:00,2025-11-05 12:07:20.520000+00:00,467,467
PSONLLD_20251105_155215.txt,2025-11-05 15:52:04.450000+00:00,2025-11-05 15:59:48.440000+00:00,486,486
PSONLLD_20251105_160000.txt,2025-11-05 15:59:49.440000+00:00,2025-11-05 16:59:48.420000+00:00,3772,3772
PSONLLD_20251105_170000.txt,2025-11-05 16:59:49.420000+00:00,2025-11-05 17:59:48.400000+00:00,3746,3746
PSONLLD_20251105_180000.txt,2025-11-05 17:59:49.400000+00:00,2025-11-05 18:59:48.390000+00:00,3691,3691
PSONLLD_20251105_190000.txt,2025-11-05 18:59:49.390000+00:00,2025-11-05 19:21:16.380000+00:00,1289,1289
PSONLLD_20251105_233159.txt,2025-11-05 23:31:48.300000+00:00,2025-11-05 23:59:48.290000+00:00,1753,1753
PSONLLD_20251106_000000.txt,2025-11-06 00:00:00.290000+00:00,2025-11-06 23:59:59.290000+00:00,3775,3775
PSONLLD_20251106_010000.txt,2025-11-06 00:59:49.270000+00:00,2025-11-06 01:59:48.250000+00:00,3742,3742
PSONLLD_20251106_020000.txt,2025-11-06 01:59:49.250000+00:00,2025-11-06 02:16:41.240000+00:00,1049,1049
PSONLLD_20251106_043812.txt,2025-11-06 04:38:01.200000+00:00,2025-11-06 04:59:48.190000+00:00,1343,1343
PSONLLD_20251106_050000.txt,2025-11-06 04:59:49.190000+00:00,2025-11-06 05:59:48.170000+00:00,3774,3774
PSONLLD_20251106_060000.txt,2025-11-06 05:59:49.170000+00:00,2025-11-06 06:57:17.150000+00:00,3600,3600
PSONLLD_20251106_105956.txt,2025-11-06 10:59:45.070000+00:00,2025-11-06 10:59:48.070000+00:00,4,4
PSONLLD_20251106_110000.txt,2025-11-06 10:59:45.100000+00:00,2025-11-06 11:59:48.390000+00:00,3772,3772
PSONLLD_20251106_120000.txt,2025-11-06 11:59:49.050000+00:00,2025-11-06 12:59:48.030000+00:00,3758,3758
PSONLLD_20251106_130000.txt,2025-11-06 12:59:49.030000+00:00,2025-11-06 13:59:48.010000+00:00,3726,3726
PSONLLD_20251106_140000.txt,2025-11-06 13:59:49.010000+00:00,2025-11-06 14:59:48+00:00,3718,3718
PSONLLD_20251106_150000.txt,2025-11-06 14:59:49+00:00,2025-11-06 15:59:47.980000+00:00,3776,3776
PSONLLD_20251106_160000.txt,2025-11-06 15:59:43.220000+00:00,2025-11-06 16:59:47.960000+00:00,3767,3767
PSONLLD_20251106_170000.txt,2025-11-06 16:59:48.960000+00:00,2025-11-06 17:59:47.940000+00:00,3731,3731
PSONLLD_20251106_180000.txt,2025-11-06 17:59:48.940000+00:00,2025-11-06 18:02:43.940000+00:00,176,176
PSONLLD_20251106_193214.txt,2025-11-06 19:32:02.910000+00:00,2025-11-06 19:59:47.900000+00:00,1692,1692
PSONLLD_20251106_200000.txt,2025-11-06 19:59:48.900000+00:00,2025-11-06 20:59:47.880000+00:00,3699,3699
PSONLLD_20251106_210000.txt,2025-11-06 20:59:48.880000+00:00,2025-11-06 21:59:47.860000+00:00,3778,3778
PSONLLD_20251106_220000.txt,2025-11-06 21:59:48.860000+00:00,2025-11-06 22:59:47.840000+00:00,3754,3754
PSONLLD_20251106_230000.txt,2025-11-06 22:59:48.840000+00:00,2025-11-06 23:27:05.830000+00:00,1711,1711
PSONLLD_20251107_012711.txt,2025-11-07 01:26:59.790000+00:00,2025-11-07 01:59:47.780000+00:00,1996,1996
PSONLLD_20251107_020000.txt,2025-11-07 01:59:48.780000+00:00,2025-11-07 02:59:47.760000+00:00,3681,3681
PSONLLD_20251107_030000.txt,2025-11-07 02:59:48.760000+00:00,2025-11-07 03:59:47.740000+00:00,3778,3778
PSONLLD_20251107_040000.txt,2025-11-07 03:59:48.740000+00:00,2025-11-07 04:27:43.730000+00:00,1744,1744
PSONLLD_20251107_072006.txt,2025-11-07 07:19:54.680000+00:00,2025-11-07 07:59:47.660000+00:00,2433,2433
PSONLLD_20251107_080000.txt,2025-11-07 07:59:48.660000+00:00,2025-11-07 08:59:47.640000+00:00,3717,3717
PSONLLD_20251107_090000.txt,2025-11-07 08:59:48.640000+00:00,2025-11-07 09:59:47.620000+00:00,3778,3778
PSONLLD_20251107_100000.txt,2025-11-07 09:59:48.620000+00:00,2025-11-07 10:59:47.610000+00:00,3740,3740
PSONLLD_20251107_110000.txt,2025-11-07 10:59:48.610000+00:00,2025-11-07 11:22:09.600000+00:00,1383,1383
PSONLLD_20251107_130829.txt,2025-11-07 13:08:17.560000+00:00,2025-11-07 13:59:47.550000+00:00,3168,3168
PSONLLD_20251107_140000.txt,2025-11-07 13:59:48.550000+00:00,2025-11-07 14:59:47.530000+00:00,3780,3780
PSONLLD_20251107_150000.txt,2025-11-07 14:59:48.530000+00:00,2025-11-07 15:59:47.510000+00:00,3712,3712
PSONLLD_20251107_160000.txt,2025-11-07 15:59:48.510000+00:00,2025-11-07 16:59:47.490000+00:00,3538,3538
PSONLLD_20251107_170000.txt,2025-11-07 16:59:48.490000+00:00,2025-11-07 17:59:47.470000+00:00,3600,3600
PSONLLD_20251107_180000.txt,2025-11-07 17:59:48.470000+00:00,2025-11-07 18:23:15.460000+00:00,1408,1408
